{"mu": [5.1631430313548667e-08, 7.450474259944481e-07, 0.5132715754040942], "mv": [-6.280669964910991e-07, -1.7598671491923134e-08, 0.33364520403682024]}