{"mu": [0, 2.9257132157391667e-06, 2.393809775978139], "mv": [2.9257132157391667e-06, 0, -1.0162508740568232]}