{"mu": [0.0, 6.902263942573164e-07, 0.5], "mv": [-6.902263942573164e-07, 0.0, 0.24116510215350634]}